Symbol,Company,GICS Sector,GICS Sub-Industry,Headquarters Location,SEC filings,CIK
AAP,"Advance Auto Parts, Inc.",Consumer Discretionary,Automotive Retail,"Raleigh, North Carolina",view,1158449
AAT,American Assets Trust,Real Estate,Diversified REITs,"San Diego, California",view,1500217
ABCB,Ameris Bancorp,Financials,Regional Banks,"Atlanta, Georgia",view,351569
ABG,Asbury Automotive Group,Consumer Discretionary,Automotive Retail,"Duluth, Georgia",view,1144980
ABM,"ABM Industries, Inc.",Industrials,Environmental & Facilities Services,"New York City, New York",view,771497
ABR,Arbor Realty Trust,Financials,Mortgage REITs,"Uniondale, New York",view,1253986
ACA,"Arcosa, Inc.",Industrials,Industrial Machinery,"Dallas, Texas",view,1739445
ACAD,Acadia Pharmaceuticals,Health Care,Pharmaceuticals,"San Diego, California",view,1070494
ACIW,ACI Worldwide,Information Technology,Application Software,"Miami, Florida",view,935036
ACLS,"Axcelis Technologies, Inc.",Information Technology,Semiconductor Equipment,"Beverly, Massachusetts",view,1113232
ADEA,"Adeia, Inc.",Information Technology,IT Consulting & Other Services,"San Jose, California",view,1803696
ADMA,"ADMA Biologics, Inc.",Health Care,Biotechnology,"Ramsey, New Jersey",view,1368514
ADNT,Adient,Consumer Discretionary,Automotive Parts & Equipment,"Plymouth, Michigan",view,1670541
ADUS,Addus HomeCare Corp.,Health Care,Health Care Services,"Frisco, Texas",view,1468328
AEIS,Advanced Energy,Information Technology,Semiconductor Equipment,"Denver, Colorado",view,927003
AEO,American Eagle Outfitters,Consumer Discretionary,Apparel Retail,"Pittsburgh, Pennsylvania",view,919012
AESI,"Atlas Energy Solutions, Inc.",Energy,Oil & Gas Equipment & Services,"Austin, Texas",view,1984060
AGO,Assured Guaranty Ltd.,Financials,Property & Casualty Insurance,"Hamilton, Bermuda",view,1273813
AGYS,"Agilysys, Inc.",Information Technology,Application Software,"Alpharetta, Georgia",view,78749
AHCO,AdaptHealth Corp.,Health Care,Health Care Equipment,"Plymouth Meeting, Pennsylvania",view,1725255
AHH,"Armada Hoffler Properties, Inc.",Real Estate,Diversified REITs,"Virginia Beach, Virginia",view,1569187
AIN,Albany International Corp.,Industrials,Industrial Machinery,"Rochester, New Hampshire",view,819793
AIR,AAR CORP.,Industrials,Aerospace & Defense,"Wood Dale, Illinois",view,1750
AKR,Acadia Realty Trust,Real Estate,Retail REITs,"Rye, New York",view,899629
AL,Air Lease Corporation,Industrials,Passenger Airlines,"Los Angeles, California",view,1487712
ALEX,Alexander & Baldwin,Real Estate,Diversified REITs,"Honolulu, Hawaii",view,1545654
ALG,Alamo Group,Industrials,Construction Machinery & Heavy Trucks,"Seguin, Texas",view,897077
ALGT,Allegiant Travel Company,Industrials,Airlines,"Summerlin, Nevada",view,1362468
ALK,Alaska Air Group,Industrials,Passenger Airlines,"SeaTac, Washington",view,766421
ALKS,Alkermes plc,Health Care,Pharmaceuticals,"Dublin, Ireland",view,1520262
ALRM,"Alarm.Com, Inc.",Financials,Application Software,"Tysons, Virginia",view,1459200
AMBC,Ambac Financial Group,Financials,Property & Casualty Insurance,"New York City, New York",view,874501
AMN,"Amn Healthcare Services, Inc.",Health Care,Health Care Services,"Dallas, Texas",view,1142750
AMPH,"Amphstar Pharmaceuticals, Inc.",Health Care,Pharmaceuticals,"Rancho Cucamonga, California",view,1297184
AMR,"Alpha Metallurgical Resources, Inc.",Materials,Steel,"Bristol, Tennessee",view,1704715
AMSF,"Amerisafe, Inc.",Financials,Property & Casualty Insurance,"DeRidder, Louisiana",view,1018979
AMTM,Amentum,Industrials,Diversified Support Services,"Chantilly, Virginia",view,2011286
AMWD,American Woodmark Corp.,Industrials,Building Products,"Winchester, Virginia",view,794619
ANDE,"The Andersons, Inc.",Consumer Staples,Food Distributors,"Maumee, Ohio",view,821026
ANIP,"ANI Pharmaceuticals, Inc.",Health Care,Pharmaceuticals,"Baudette, Minnesota",view,1023024
AORT,Artivion,Health Care,Health Care Equipment,"Kennesaw, Georgia",view,784199
AOSL,"Alpha and Omega Semiconductor, Ltd.",Information Technology,Semiconductors,"Sunnyvale, California",view,1387467
APAM,"Artisan Partners Asset Management, Inc.",Financials,Asset Management & Custody Banks,"Milwaukee, Wisconsin",view,1517302
APLE,"Apple Hospitality REIT, Inc.",Real Estate,Hotel & Resort REITs,"Richmond, Virginia",view,1418121
APOG,"Apogee Enterprises, Inc.",Industrials,Building Products,"Minneapolis, Minnesota",view,6845
ARCB,ArcBest Corp.,Industrials,Cargo Ground Transportation,"Fort Smith, Arkansas",view,894405
ARI,Apollo Commercial Real Estate Finance,Real Estate,Mortgage REITs,"New York City, New York",view,1467760
ARLO,Arlo Technologies,Information Technology,Communications Equipment,"San Jose, California",view,1736946
AROC,"Archrock, Inc.",Energy,Oil & Gas Equipment & Services,"Houston, Texas",view,1389050
ARR,Armour Residential REIT,Real Estate,Mortgage REITs,"Vero Beach, Florida",view,1428205
ARWR,Arrowhead Pharmaceuticals,Health Care,Biotechnology,"Pasadena, California",view,879407
ASIX,"Advansix, Inc.",Materials,Commodity Chemicals,"Parsippany–Troy Hills, New Jersey",view,1673985
ASO,Academy Sports + Outdoors,Consumer Discretionary,Specialty Stores,"Harris County, Texas",view,1817358
ASTE,"Astec Industries, Inc.",Industrials,Construction Machinery & Heavy Trucks,"Chattanooga, Tennessee",view,792987
ASTH,"Astrana Health, Inc.",Health Care,Health Care Facilities,"Alhambra, California",view,1083446
ATEN,"A10 Networks, Inc.",Information Technology,Systems Software,"San Jose, California",view,1580808
ATGE,Adtalem Global Education,Consumer Discretionary,Education Services,"Chicago, Illinois",view,730464
ATI,ATI Inc.,Materials,Steel,"Dallas, Texas",view,1018963
AUB,"Atlantic Union Bankshares, Corp.",Financials,Regional Banks,"Richmond, Virginia",view,883948
AVA,Avista Corporation,Utilities,Multi-Utilities,"Spokane, Washington",view,104918
AVAV,"AeroVironment, Inc.",Industrials,Aerospace & Defense,"Arlington County, Virginia",view,1368622
AVNS,"Avanos Medical, Inc.",Health Care,Health Care Supplies,"Alpharetta, Georgia",view,1606498
AWI,"Armstrong World Industries, Inc.",Industrials,Building Products,"Lancaster, Pennsylvania",view,7431
AWR,American States Water Company,Utilities,Water Utilities,"San Dimas, California",view,1056903
AX,"Axos Financial, Inc.",Financials,Regional Banks,"Las Vegas, Nevada",view,1299709
AXL,"American Axle & Manufacturing, Inc.",Consumer Discretionary,Auto Parts & Equipment,"Detroit, Michigan",view,1062231
AZTA,"Azenta, Inc.",Health Care,Life Sciences Tools & Services,"Chelmsford, Massachusetts",view,933974
AZZ,"AZZ, Inc.",Industrials,Heavy Electrical Equipment,"Fort Worth, Texas",view,8947
BANC,"Banc Of California, Inc.",Financials,Regional Banks,"Santa Ana, California",view,1169770
BANF,Bancfirst Corp,Financials,Regional Banks,"Oklahoma City, Oklahoma",view,760498
BANR,Banner Corporation,Financials,Regional Banks,"Walla Walla, Washington",view,946673
BBWI,"Bath & Body Works, Inc.",Consumer Discretionary,Other Specialty Retail,"Columbus, Ohio",view,701985
BCC,Boise Cascade,Industrials,Building Products,"Boise, Idaho",view,1328581
BCPC,Balchem Corporation,Materials,Specialty Chemicals,"Montvale, New Jersey",view,9326
BDN,Brandywine Realty Trust,Real Estate,Office REITs,"Philadelphia, Pennsylvania",view,790816
BFH,"Bread Financial Holdings, Inc.",Financials,Consumer Finance,"Columbus, Ohio",view,1101215
BFS,"Saul Centers, Inc.",Real Estate,Retail REITs,"Bethesda, Maryland",view,907254
BGC,"BGC Group, Inc.",Financials,Investment Banking & Brokerage,"New York City, New York",view,1094831
BGS,B&G Foods,Consumer Staples,Packaged Foods & Meats,"Parsippany, New Jersey",view,1278027
BHE,"Benchmark Electronics, Inc.",Information Technology,Electronic Manufacturing Services,"Tempe, Arizona",view,863436
BHLB,"Berkshire Hills Bancorp, Inc.",Financials,Regional Banks,"Boston, Massachusetts",view,1108134
BJRI,"BJ's Restaurants, Inc.",Consumer Discretionary,Restaurants,"Huntington Beach, California",view,1013488
BKE,"The Buckle, Inc.",Consumer Discretionary,Apparel Retail,"Kearney, Nebraska",view,885245
BKU,"BankUnited, Inc.",Financials,Regional Banks,"Miami Lakes, Florida",view,1504008
BL,"BlackLine Systems, Inc.",Information Technology,Application Software,"Woodland Hills, Los Angeles, California",view,1666134
BLFS,"BioLife Solutions, Inc.",Health Care,Health Care Supplies,"Bothell, Washington",view,834365
BLMN,"Bloomin' Brands, Inc.",Consumer Discretionary,Restaurants,"Tampa, Florida",view,1546417
BMI,"Badger Meter, Inc.",Information Technology,Electronic Equipment & Instruments,"Milwaukee, Wisconsin",view,9092
BOH,Bank of Hawaii,Financials,Regional Banks,"Honolulu, Hawaii",view,46195
BOOT,"Boot Barn Holdings, Inc.",Consumer Discretionary,Apparel Retail,"Irvine, California",view,1610250
BOX,"Box, Inc.",Information Technology,Application Software,"Redwood City, California",view,1372612
BRC,Brady Corporation,Industrials,Commercial Printing,"Milwaukee, Wisconsin",view,746598
BRKL,"Brookline Bancorp, Inc.",Financials,Regional Banks,"Boston, Massachusetts",view,1049782
BSIG,"BrightSphere Investment Group, Inc.",Financials,Asset Management & Custody Banks,"Boston, Massachusetts",view,1748824
BTU,"Peabody Energy, Inc.",Energy,Coal & Consumable Fuels,"St. Louis, Missouri",view,1064728
BXMT,"Blackstone Mortgage Trust, Inc.",Financials,Mortgage REITs,"New York City, New York",view,1061630
CABO,Cable One,Communication Services,Cable & Satellite,"Phoenix, Arizona",view,1632127
CAKE,"The Cheesecake Factory, Inc.",Consumer Discretionary,Restaurants,"Calabasas, California",view,887596
CAL,"Caleres, Inc.",Consumer Discretionary,Apparel Retail,"Clayton, Missouri",view,14707
CALM,"Cal-Maine Foods, Inc.",Consumer Staples,Packaged Foods & Meats,"Jackson, Mississippi",view,16160
CALX,Calix,Information Technology,Application Software,"San Jose, California",view,1406666
CARG,CarGurus,Communication Services,Interactive Media & Services,"Cambridge, Massachusetts",view,1494259
CARS,Cars.com,Communication Services,Interactive Media & Services,"Chicago, Illinois",view,1683606
CASH,"Pathward Financial, Inc.",Financials,Regional Banks,"Sioux Falls, South Dakota",view,907471
CATY,Cathay General Bancorp,Financials,Regional Banks,"Los Angeles, California",view,861842
CBRL,Cracker Barrel,Consumer Discretionary,Restaurants,"Lebanon, Tennessee",view,1067294
CBU,"Community Bank System, Inc.",Financials,Regional Banks,"DeWitt, New York",view,723188
CCOI,"Cogent Communications Holdings, Inc.",Communication Services,Alternative Carriers,"Washington, D.C.",view,1158324
CCS,"Century Communities, Inc.",Consumer Discretionary,Homebuilding,"Greenwood Village, Colorado",view,1576940
CENT,Central Garden & Pet Company,Consumer Staples,Household Products,"Walnut Creek, California",view,887733
CENTA,Central Garden & Pet Company (Class A),Consumer Staples,Household Products,"Walnut Creek, California",view,887733
CENX,Century Aluminum Company,Materials,Aluminum,"Chicago, Illinois",view,949157
CERT,"Certara, Inc.",Health Care,Health Care Technology,"Princeton, New Jersey",view,1827090
CEVA,"CEVA, Inc.",Information Technology,Semiconductors,"Rockville, Maryland",view,1173489
CFFN,Capitol Federal Savings Bank,Financials,Regional Banks,"Topeka, Kansas",view,1490906
CHCO,City Holding Company,Financials,Regional Banks,"Charleston, West Virginia",view,726854
CHEF,"Chefs' Warehouse, Inc.",Consumer Staples,Food Distributors,"Ridgefield, Connecticut",view,1517175
CLB,Core Laboratories,Energy,Oil & Gas Equipment & Services,"Amsterdam, the Netherlands",view,1958086
CNK,"Cinemark Holdings, Inc.",Communication Services,Movies & Entertainment,"Plano, Texas",view,1385280
CNMD,CONMED Corporation,Health Care,Health Care Equipment,"Largo, Florida",view,816956
CNR,"Core Natural Resources, Inc.",Energy,Coal & Consumable Fuels,"Cecil Township, Pennsylvania",view,1710366
CNS,"Cohen & Steers, Inc.",Financials,Asset Management & Custody Banks,"New York City, New York",view,1284812
CNXN,"PC Connection, Inc.",Information Technology,Technology Distributors,"Merrimack, New Hampshire",view,1050377
COHU,"Cohu, Inc.",Information Technology,Semiconductor Equipment,"Poway, California",view,21535
COLL,"Collegium Pharmaceutical, Inc.",Health Care,Pharmaceuticals,"Stoughton, Massachusetts",view,1267565
CON,"Concentra Group Holdings Parent, Inc.",Health Care,Health Care Services,"Mechanicsburg, Pennsylvania",view,2014596
COOP,"Mr. Cooper Group, Inc.",Financials,Commercial & Residential Mortgage Finance,"Coppell, Texas",view,933136
CORT,Corcept Therapeutics Incorporated,Health Care,Pharmaceuticals,"Menlo Park, California",view,1088856
CPF,Central Pacific Financial Corp.,Financials,Regional Banks,"Honolulu, Hawaii",view,701347
CPK,Chesapeake Utilities Corp.,Utilities,Gas Utilities,"Dover, Delaware",view,19745
CPRX,"Catalyst Pharmaceuticals Partners, Inc.",Health Care,Biotechnology,"Coral Gables, Florida",view,1369568
CRC,California Resources Corporation,Energy,Oil & Gas Exploration & Production,"Los Angeles, California",view,1609253
CRGY,Crescent Energy Company,Energy,Oil & Gas Exploration & Production,"Houston, Texas",view,1866175
CRI,"Carter's, Inc.",Consumer Discretionary,"Apparel, Accessories & Luxury Goods","Atlanta, Georgia",view,1060822
CRK,"Comstock Resources, Inc.",Energy,Oil & Gas Exploration & Production,"Frisco, Texas",view,23194
CRSR,Corsair Gaming,Information Technology,"Technology Hardware, Storage & Peripherals","Milpitas, California",view,1743759
CRVL,CorVel Corporation,Health Care,Health Care Services,"Irvine, California",view,874866
CSGS,"CSG Systems International, Inc.",Industrials,Data Processing & Outsourced Services,"Greenwood Village, Colorado",view,1005757
CSR,Centerspace Trust,Real Estate,Multi-Family Residential REITs,"Minot, North Dakota",view,798359
CSWI,"CSW Industrials, Inc.",Industrials,Industrial Conglomerates,"Dallas, Texas",view,1624794
CTKB,"Cytek Biosciences, Inc.",Health Care,Health Care Equipment,"Fremont, California",view,1831915
CTRE,"CareTrust REIT, Inc.",Real Estate,Health Care REITs,"San Clemente, California",view,1590717
CTS,CTS Corporation,Information Technology,Electronic Manufacturing Services,"Lisle, Illinois",view,26058
CUBI,"Customers Bancorp, Inc.",Financials,Regional Banks,"Reading, Pennsylvania",view,1488813
CURB,Curbline Properties Corp.,Real Estate,Retail REITs,"New York City, New York",view,2027317
CVBF,CVB Financial Corp.,Financials,Regional Banks,"Ontario, California",view,354647
CVCO,"Cavco Industries, Inc.",Consumer Discretionary,Homebuilding,"Phoenix, Arizona",view,278166
CVI,"CVR Energy, Inc.",Energy,Oil & Gas Refining & Marketing,"Sugar Land, Texas",view,1376139
CWEN,"Clearway Energy, Inc. (Class C)",Utilities,Renewable Electricity,"Princeton, New Jersey",view,1567683
CWEN.A,"Clearway Energy, Inc. (Class A)",Utilities,Renewable Electricity,"Princeton, New Jersey",view,1567683
CWK,Cushman & Wakefield plc,Real Estate,Real Estate Services,"Chicago, Illinois",view,1628369
CWT,California Water Service Group,Utilities,Water Utilities,"San Jose, California",view,1035201
CXM,"Sprinklr, Inc.",Information Technology,Application Software,"New York City, New York",view,1569345
CXW,CoreCivic,Industrials,Diversified Support Services,"Brentwood, Tennessee",view,1070985
DAN,Dana Incorporated,Consumer Discretionary,Auto Parts & Equipment,"Maumee, Ohio",view,26780
DCOM,"Dime Community Bancshares, Inc.",Financials,Regional Banks,"Hauppauge, New York",view,846617
DEA,"Easterly Government Properties, Inc.",Real Estate,Office REITs,"Washington, D.C.",view,1622194
DEI,Douglas Emmett,Real Estate,Office REITs,"Santa Monica, California",view,1364250
DFH,"Dream Finders Homes, Inc.",Consumer Discretionary,Homebuilding,"Jacksonville, Florida",view,1825088
DFIN,"Donnelley Financial Solutions, Inc.",Financials,Financial Exchanges & Data,"Chicago, Illinois",view,1669811
DGII,Digi International Inc.,Information Technology,Communications Equipment,"Hopkins, Minnesota",view,854775
DIOD,Diodes Incorporated,Information Technology,Semiconductors,"Plano, Texas",view,29002
DLX,Deluxe Corporation,Industrials,Commercial Printing,"Minneapolis, Minnesota",view,27996
DNOW,NOW Inc,Industrials,Trading Companies & Distributors,"Houston, Texas",view,1599617
DOCN,"DigitalOcean Holdings, Inc.",Information Technology,Internet Services & Infrastructure,"New York City, New York",view,1582961
DORM,"Dorman Products, Inc.",Consumer Discretionary,Auto Parts & Equipment,"Colmar, Pennsylvania",view,868780
DRH,DiamondRock Hospitality Company,Real Estate,Hotel & Resort REITs,"Bethesda, Maryland",view,1298946
DRQ,Dril-Quip Inc.,Energy,Oil & Gas Equipment & Services,"Houston, Texas",view,1042893
DV,"DoubleVerify Holdings, Inc.",Information Technology,Application Software,"New York City, New York",view,1819928
DVAX,Dynavax Technologies Corp.,Health Care,Biotechnology,"Emeryville, California",view,1029142
DXC,DXC Technology,Information Technology,IT Consulting & Other Services,"Ashburn, Virginia",view,1688568
DXPE,"DXP Enterprises, Inc.",Industrials,Trading Companies & Distributors,"Houston, Texas",view,1020710
DY,"Dycom Industries, Inc.",Industrials,Construction & Engineering,"Palm Beach Gardens, Florida",view,67215
EAT,"Brinker International, Inc.",Consumer Discretionary,Restaurants,"Dallas, Texas",view,703351
ECG,"Everus Construction Group, Inc.",Industrials,Construction & Engineering,"Bismarck, North Dakota",view,2015845
ECPG,"Encore Capital Group, Inc.",Financials,Consumer Finance,"San Diego, California",view,1084961
EFC,"Ellington Financial, Inc.",Financials,Specialized Finance,"Greenwich, Connecticut",view,1411342
EGBN,Eagle Bancorp Inc,Financials,Regional Banks,"Bethesda, Maryland",view,1050441
EIG,"Employers Holdings, Inc.",Financials,Property & Casualty Insurance,"Henderson, Nevada",view,1379041
ELME,Elme Communities,Real Estate,Diversified REITs,"Bethesda, Maryland",view,104894
EMBC,Embecta Corp.,Health Care,Health Care Equipment,"Wilmington, Delaware",view,1872789
ENOV,Enovis,Health Care,Health Care Equipment,"Wilmington, Delaware",view,1420800
ENR,Energizer,Consumer Staples,Household Products,"St. Louis, Missouri",view,1632790
ENVA,"Enova International, Inc.",Financials,Consumer Finance,"Chicago, Illinois",view,1529864
EPAC,Enerpac Tool Group,Industrials,Industrial Machinery,"Menomonee Falls, Wisconsin",view,6955
EPC,Edgewell Personal Care,Consumer Staples,Household Products,"Shelton, Connecticut",view,1096752
EPRT,"Essential Properties Realty Trust, Inc.",Real Estate,Diversified REITs,"Princeton, New Jersey",view,1728951
ESE,ESCO Technologies Inc.,Industrials,Industrial Machinery,"St. Louis, Missouri",view,866706
ETD,"Ethan Allen Interiors, Inc.",Consumer Discretionary,Home Furnishings,"Danbury, Connecticut",view,896156
ETSY,Etsy,Consumer Discretionary,Broadline Retail,"New York City, New York",view,1370637
EVTC,"EVERTEC, Inc.",Financials,Transaction & Payment Processing Services,"San Juan, Puerto Rico",view,1559865
EXPI,"eXp World Holdings, Inc.",Real Estate,Real Estate Services,"Bellingham, Washington",view,1495932
EXTR,"Extreme Networks, Inc.",Information Technology,Communications Equipment,"Morrisville, North Carolina",view,1078271
EYE,National Vision Holdings,Consumer Discretionary,Specialty Stores,"Duluth, Georgia",view,1710155
EZPW,"EZCORP, Inc.",Financials,Consumer Finance,"Austin, Texas",view,876523
FBK,FB Financial Corp.,Financials,Regional Banks,"Nashville, Tennessee",view,1649749
FBNC,First Bancorp (Southern Pines NC),Financials,Regional Banks,"Southern Pines, North Carolina",view,811589
FBP,First BanCorp (Puerto Rico),Financials,Regional Banks,"San Juan, Puerto Rico",view,1057706
FBRT,"Franklin BSP Realty Trust, Inc.",Real Estate,Mortgage REITs,"New York City, New York",view,1562528
FCF,"First Commonwealth Financial, Corp.",Financials,Regional Banks,"Indiana, Pennsylvania",view,712537
FCPT,"Four Corners Property Trust, Inc.",Real Estate,Specialized REITs,"Mill Valley, California",view,1650132
FDP,"Fresh Del Monte Produce, Inc.",Consumer Staples,Packaged Foods & Meats,"Coral Gables, Florida",view,1047340
FELE,Franklin Electric,Industrials,Industrial Machinery,"Fort Wayne, Indiana",view,38725
FFBC,First Financial Bancorp.,Financials,Regional Banks,"Cincinnati, Ohio",view,708955
FHB,"First Hawaiian, Inc.",Financials,Regional Banks,"Honolulu, Hawaii",view,36377
FIZZ,National Beverage Corp.,Consumer Staples,Soft Drinks,"Fort Lauderdale, Florida",view,69891
FL,Foot Locker,Consumer Discretionary,Apparel Retail,"New York City, New York",view,850209
FLGT,"Fulgent Genetics, Inc.",Health Care,Health Care Services,"El Monte, California",view,1674930
FORM,"FormFactor, Inc.",Information Technology,Semiconductor Equipment,"Livermore, California",view,1039399
FOXF,Fox Factory,Consumer Discretionary,Automotive Parts & Equipment,"Duluth, Georgia",view,1424929
FSS,Federal Signal Corporation,Industrials,Construction Machinery & Heavy Trucks,"Oak Brook, Illinois",view,277509
FTDR,"Frontdoor, Inc.",Consumer Discretionary,Specialized Consumer Services,"Memphis, Tennessee",view,1727263
FTRE,Fortrea,Health Care,Biotechnology,"Durham, North Carolina",view,1965040
FUL,H.B. Fuller Company,Materials,Specialty Chemicals,"Vadnais Heights, Minnesota",view,39368
FULT,Fulton Financial Corporation,Financials,Regional Banks,"Lancaster, Pennsylvania",view,700564
FUN,Six Flags,Consumer Discretionary,Leisure Facilities,"Charlotte, North Carolina",view,1999001
FWRD,Forward Air Corp.,Industrials,Air Freight & Logistics,"Greeneville, Tennessee",view,912728
GBX,"The Greenbrier Companies, Inc.",Industrials,Construction Machinery & Heavy Trucks,"Lake Oswego, Oregon",view,923120
GDEN,Golden Entertainment,Consumer Discretionary,Casinos & Gaming,"Enterprise, Nevada",view,1071255
GDOT,Green Dot Corporation,Financials,Consumer Finance,"Austin, Texas",view,1386278
GDYN,"Grid Dynamics Holdings, Inc.",Information Technology,IT Consulting & Other Services,"San Ramon, California",view,1743725
GEO,"GEO Group, Inc.",Industrials,Environmental & Facilities Services,"Boca Raton, Florida",view,923796
GES,"Guess, Inc.",Consumer Discretionary,Apparel Retail,"Los Angeles, California",view,912463
GFF,Griffon Corporation,Industrials,Building Products,"New York City, New York",view,50725
GIII,"G-III Apparel Group, Ltd.",Consumer Discretionary,"Apparel, Accessories & Luxury Goods","New York City, New York",view,821002
GKOS,Glaukos Corp.,Health Care,Health Care Equipment,"San Clemente, California",view,1192448
GMS,"GMS, Inc.",Industrials,Building Products,"Tucker, Georgia",view,1600438
GNL,"Global Net Lease, Inc.",Real Estate,Diversified REITs,"New York City, New York",view,1526113
GNW,"Genworth Financial, Inc.",Financials,Multi-line Insurance,"Henrico County, Virginia",view,1276520
GO,Grocery Outlet,Consumer Staples,Food Retail,"Emeryville, California",view,1771515
GOGO,"Gogo, Inc.",Communication Services,Wireless Telecommunication Services,"Broomfield, Colorado",view,1537054
GPI,"Group 1 Automotive, Inc.",Consumer Discretionary,Automotive Retail,"Houston, Texas",view,1031203
GPRE,"Green Plains, Inc.",Energy,Coal & Consumable Fuels,"Omaha, Nebraska",view,1309402
GRBK,"Green Brick Partners, Inc.",Consumer Discretionary,Homebuilding,"Plano, Texas",view,1373670
GSHD,"Goosehead Insurance, Inc.",Financials,Insurance Brokers,"Westlake, Texas",view,1726978
GTES,Gates Corporation,Industrials,Industrial Machinery & Supplies & Components,"Denver, Colorado",view,1718512
GTY,Getty Realty Corp.,Real Estate,Retail REITs,"New York City, New York",view,1052752
GVA,"Granite Construction, Inc.",Industrials,Construction & Engineering,"Watsonville, California",view,861459
HAFC,Hanmi Financial Corporation,Financials,Regional Banks,"Los Angeles, California",view,1109242
HAIN,Hain Celestial Group,Consumer Staples,Packaged Foods & Meats,"Lake Success, New York",view,910406
HASI,"Hannon Armstrong Sustainable Infrastructure Capital, Inc.",Financials,Specialized Finance,"Annapolis, Maryland",view,1561894
HAYW,"Hayward Holdings, Inc.",Industrials,Electrical Components & Equipment,"Charlotte, North Carolina",view,1834622
HBI,"Hanesbrands, Inc.",Consumer Discretionary,"Apparel, Accessories & Luxury Goods","Winston-Salem, North Carolina",view,1359841
HCC,"Warrior Met Coal, Inc.",Materials,Steel,"Brookwood, Alabama",view,1691303
HCI,"HCI Group, Inc.",Financials,Property & Casualty Insurance,"Tampa, Florida",view,1400810
HCSG,"Healthcare Services Group, Inc.",Industrials,Environmental & Facilities Services,"Bensalem Township, Pennsylvania",view,731012
HELE,Helen of Troy Limited,Consumer Discretionary,Household Appliances,"Hamilton, Bermuda",view,916789
HFWA,Heritage Financial Corporation,Health Care,Regional Banks,"Olympia, Washington",view,1046025
HI,"Hillenbrand, Inc.",Industrials,Industrial Machinery,"Batesville, Indiana",view,1417398
HIMS,"Hims & Hers Health, Inc.",Health Care,Health Care Services,"San Francisco, California",view,1773751
HIW,Highwoods Properties],Real Estate,Office REITs,"Raleigh, North Carolina",view,921082
HLIT,Harmonic Inc.,Information Technology,Communications Equipment,"San Jose, California",view,851310
HLX,"Helix Energy Solutions Group, Inc.",Energy,Oil & Gas Equipment & Services,"Houston, Texas",view,866829
HMN,Horace Mann Educators Corporation,Financials,Multi-line Insurance,"Springfield, Illinois",view,850141
HNI,HNI Corporation,Industrials,Office Services & Supplies,"Muscatine, Iowa",view,48287
HOPE,"Hope Bancorp, Inc.",Financials,Regional Banks,"Koreatown, Los Angeles",view,1128361
HP,"Helmerich & Payne, Inc.",Energy,Oil & Gas Drilling,"Tulsa, Oklahoma",view,46765
HRMY,"Harmony Biosciences Holdings, Inc.",Health Care,Biotechnology,"Plymouth Meeting, Pennsylvania",view,1802665
HSII,"Heidrick & Struggles International, Inc.",Industrials,Human Resource & Employment Services,"Chicago, Illinois",view,1066605
HSTM,"HealthStream, Inc.",Health Care,Health Care Technology,"Nashville, Tennessee",view,1095565
HTH,Hilltop Holdings Inc.,Financials,Regional Banks,"Dallas, Texas",view,1265131
HTLD,"Heartland Express, Inc.",Industrials,Cargo Ground Transportation,"North Liberty, Iowa",view,799233
HTZ,Hertz,Industrials,Passenger Ground Transportation,"Estero, Florida",view,1657853
HUBG,"Hub Group, Inc.",Industrials,Air Freight & Logistics,"Oak Brook, Illinois",view,940942
HWKN,"Hawkins, Inc.",Materials,Commodity Chemicals,"Roseville, Minnesota",view,46250
HZO,"MarineMax, Inc.",Consumer Discretionary,Specialty Stores,"Clearwater, Florida",view,1057060
IAC,IAC Inc.,Communication Services,Publishing,"New York City, New York",view,1800227
IART,Integra Lifesciences Holdings,Health Care,Health Care Equipment,"Princeton, New Jersey",view,917520
IBP,"Installed Building Products, Inc.",Consumer Discretionary,Homebuilding,"Columbus, Ohio",view,1580905
ICHR,"Ichor Holdings, Ltd.",Information Technology,Semiconductor Equipment,"Fremont, California",view,1652535
ICUI,ICU Medical,Health Care,Health Care Supplies,"San Clemente, California",view,883984
IDCC,"InterDigital, Inc.",Information Technology,Communications Equipment,"Wilmington, Delaware",view,1405495
IIIN,"Insteel Industries, Inc.",Industrials,Building Products,"Mount Airy, North Carolina",view,764401
IIPR,"Innovative Industrial Properties, Inc.",Real Estate,Industrial REITs,"Park City, Utah",view,1677576
INDB,Independent Bank Corp.,Financials,Regional Banks,"Rockland, Massachusetts",view,776901
INN,"Summit Hotel Properties, Inc.",Real Estate,Hotel & Resort REITs,"Austin, Texas",view,1497645
INSP,"Inspire Medical Systems, Inc.",Health Care,Health Care Equipment,"Golden Valley, Minnesota",view,1609550
INSW,"International Seaways, Inc.",Energy,Oil & Gas Storage & Transportation,"New York City, New York",view,1679049
INVA,"Innoviva, Inc.",Health Care,Pharmaceuticals,"Burlingame, California",view,1080014
IOSP,"Innospec, Inc.",Materials,Specialty Chemicals,"Englewood, Colorado",view,1054905
IPAR,"Inter Parfums, Inc.",Consumer Staples,Personal Products,"New York City, New York",view,822663
IRWD,"Ironwood Pharmaceuticals, Inc.",Health Care,Pharmaceuticals,"Boston, Massachusetts",view,1446847
ITGR,Integer Holdings Corporation,Health Care,Health Care Equipment,"Plano, Texas",view,1114483
ITRI,"Itron, Inc.",Information Technology,Electronic Equipment & Instruments,"Liberty Lake, Washington",view,780571
JACK,Jack in the Box,Consumer Discretionary,Restaurants,"San Diego, California",view,807882
JBGS,JBG Smith,Real Estate,Office REITs,"Bethesda, Maryland",view,1689796
JBLU,JetBlue,Industrials,Passenger Airlines,"Long Island City, New York",view,1158463
JBSS,"John B. Sanfilippo & Son, Inc.",Consumer Staples,Packaged Foods & Meats,"Elgin, Illinois",view,880117
JBT,John Bean Technologies Corporation,Industrials,Industrial Machinery,"Chicago, Illinois",view,1433660
JJSF,J&J Snack Foods Corp.,Consumer Staples,Packaged Foods & Meats,"Pennsauken Township, New Jersey",view,785956
JOE,St. Joe Company,Real Estate,Real Estate Development,"Panama City Beach, Florida",view,745308
JXN,"Jackson Financial, Inc.",Financials,Life & Health Insurance,"Lansing, Michigan",view,1822993
KALU,Kaiser Aluminum Corporation,Materials,Aluminum,"Franklin, Tennessee",view,811596
KAR,"OPENLANE, Inc.",Industrials,Diversified Support Services,"Carmel, Indiana",view,1395942
KFY,Korn/Ferry International,Industrials,Human Resource & Employment Services,"Los Angeles, California",view,56679
KLG,WK Kellogg Co,Consumer Staples,Packaged Foods & Meats,"Battle Creek, Michigan",view,1959348
KLIC,"Kulicke and Soffa Industries, Inc.",Information Technology,Semiconductor Equipment,"Serangoon, North-East Region, Singapore",view,56978
KMT,Kennametal,Industrials,Industrial Machinery,"Pittsburgh, Pennsylvania",view,55242
KN,Knowles Corporation,Information Technology,Electronic Components,"Itasca, Illinois",view,1587523
KOP,"Koppers Holdings, Inc.",Materials,Commodity Chemicals,"Pittsburgh, Pennsylvania",view,1315257
KREF,"KKR Real Estate Finance Trust, Inc.",Financials,Mortgage REITs,"New York City, New York",view,1631596
KRYS,"Krystal Biotech, Inc.",Health Care,Biotechnology,"Pittsburgh, Pennsylvania",view,1711279
KSS,Kohl's Corp.,Consumer Discretionary,Broadline Retail,"Menomonee Falls, Wisconsin",view,885639
KTB,Kontoor Brands,Consumer Discretionary,"Apparel, Accessories & Luxury Goods","Greensboro, North Carolina",view,1760965
KW,"Kennedy-Wilson Holdings, Inc.",Real Estate,Real Estate Services,"Beverly Hills, California",view,1408100
KWR,Quaker Chemical Corporation,Materials,Specialty Chemicals,"Conshohocken, Pennsylvania",view,81362
LBRT,"Liberty Energy, Inc.",Energy,Oil & Gas Equipment & Services,"Denver, Colorado",view,1694028
LCII,LCI Industries,Consumer Discretionary,Auto Parts & Equipment,"Elkhart, Indiana",view,763744
LEG,Leggett & Platt,Consumer Discretionary,Home Furnishings,"Carthage, Missouri",view,58492
LESL,"Leslie's, Inc.",Consumer Discretionary,Home Improvement Retail,"Phoenix, Arizona",view,1821806
LGIH,LGI Homes,Consumer Discretionary,Homebuilding,"The Woodlands, Texas",view,1580670
LGND,"Ligand Pharmaceuticals, Inc.",Health Care,Biotechnology,"San Diego, California",view,886163
LKFN,Lakeland Financial,Financials,Regional Banks,"Warsaw, Indiana",view,721994
LMAT,LeMaitre Vascular,Health Care,Health Care Equipment,"Burlington, Massachusetts",view,1158895
LNC,Lincoln Financial,Financials,Multi-line Insurance,"Radnor, Pennsylvania",view,59558
LNN,Lindsay Corporation,Materials,Agricultural & Farm Machinery,"Omaha, Nebraska",view,836157
LPG,Dorian LPG Ltd.,Energy,Oil & Gas Storage & Transportation,"Stamford, Connecticut",view,1596993
LQDT,"Liquidity Services, Inc.",Industrials,Diversified Support Services,"Bethesda, Maryland",view,1235468
LRN,"Stride, Inc.",Consumer Discretionary,Education Services,"Herndon, Virginia",view,1157408
LTC,"LTC Properties, Inc.",Real Estate,Health Care REITs,"Westlake Village, California",view,887905
LUMN,Lumen Technologies,Communication Services,Alternative Carriers,"Monroe, Louisiana",view,18926
LXP,Lexington Realty Trust,Real Estate,Diversified REITs,"New York City, New York",view,910108
LZB,"La-Z-Boy, Inc.",Consumer Discretionary,Home Furnishings,"Monroe, Michigan",view,57131
MAC,Macerich,Real Estate,Retail REITs,"Santa Monica, California",view,912242
MARA,"Marathon Digital Holdings, Inc.",Information Technology,IT Consulting & Other Services,"Fort Lauderdale, Florida",view,1507605
MATV,"Mativ Holdings, Inc.",Materials,Specialty Chemicals,"Alpharetta, Georgia",view,1000623
MATW,Matthews International Corporation,Industrials,Diversified Support Services,"Pittsburgh, Pennsylvania",view,63296
MATX,"Matson, Inc.",Industrials,Marine,"Honolulu, Hawaii",view,3453
MBC,"MasterBrand, Inc.",Industrials,Building Products,"Jasper, Indiana",view,1941365
MC,Moelis & Company,Financials,Investment Banking & Brokerage,"New York City, New York",view,1596967
MCRI,"Monarch Casino & Resort, Inc.",Consumer Discretionary,Casinos & Gaming,"Reno, Nevada",view,907242
MCW,"Mister Car Wash, Inc.",Consumer Discretionary,Specialized Consumer Services,"Tucson, Arizona",view,1853513
MCY,Mercury General,Financials,Property & Casualty Insurance,"Los Angeles, California",view,64996
MD,Pediatrix Medical Group,Health Care,Health Care Services,"Sunrise, Florida",view,893949
MDU,"MDU Resources Group, Inc.",Utilities,Multi-Utilities,"Bismarck, North Dakota",view,67716
MGEE,"MGE Energy, Inc.",Utilities,Electric Utilities,"Madison, Wisconsin",view,1161728
MGPI,"MGP Ingredients, Inc.",Consumer Staples,Distillers & Vintners,"Atchison, Kansas",view,835011
MGY,"Magnolia Oil & Gas, Corp.",Energy,Oil & Gas Exploration & Production,"Houston, Texas",view,1698990
MHO,"M/I Homes, Inc.",Consumer Discretionary,Homebuilding,"Columbus, Ohio",view,799292
MLAB,Mesa Laboratories Inc,Health Care,Health Care Equipment,"Lakewood, Colorado",view,724004
MLKN,"MillerKnoll, Inc.",Industrials,Office Services & Supplies,"Zeeland, Michigan",view,66382
MMI,"Marcus & Millichap, Inc.",Real Estate,Real Estate Services,"Calabasas, California",view,1578732
MMSI,"Merit Medical Systems, Inc.",Health Care,Health Care Supplies,"South Jordan, Utah",view,856982
MNRO,"Monro, Inc.",Consumer Discretionary,Automotive Retail,"Rochester, New York",view,876427
MODG,Topgolf Callaway Brands,Consumer Discretionary,Leisure Products,"Carlsbad, California",view,837465
MOG.A,Moog Inc.,Industrials,Aerospace & Defense,"Elma, New York",view,67887
MP,MP Materials,Materials,Diversified Metals & Mining,"Las Vegas, Nevada",view,1801368
MPW,Medical Properties Trust,Real Estate,Health Care REITs,"Birmingham, Alabama",view,1287865
MRCY,Mercury Systems,Industrials,Electrical Components & Equipment,"Andover, Massachusetts",view,1049521
MRTN,Marten Transport Ltd.,Industrials,Cargo Ground Transportation,"Mondovi, Wisconsin",view,799167
MSEX,Middlesex Water Company,Utilities,Water Utilities,"Iselin, New Jersey",view,66004
MSGS,Madison Square Garden Sports Corp.,Communication Services,Movies & Entertainment,"New York City, New York",view,1636519
MTH,Meritage Homes Corporation,Consumer Discretionary,Homebuilding,"Scottsdale, Arizona",view,833079
MTRN,Materion Corp.,Materials,Diversified Metals & Mining,"Mayfield Heights, Ohio",view,1104657
MTUS,Metallus Inc,Materials,Steel,"Canton, Ohio",view,1598428
MTX,Minerals Technologies,Materials,Specialty Chemicals,"New York City, New York",view,891014
MXL,"MaxLinear, Inc.",Information Technology,Semiconductors,"Carlsbad, California",view,1288469
MYGN,"Myriad Genetics, Inc.",Health Care,Biotechnology,"Salt Lake City, Utah",view,899923
MYRG,"MYR Group, Inc.",Industrials,Construction & Engineering,"Thornton, Colorado",view,700923
NABL,"N-able, Inc.",Information Technology,Systems Software,"Wilmington, Delaware",view,1834488
NARI,Inari Medical,Health Care,Health Care Equipment,"Irvine, California",view,1531048
NATL,NCR Atleos,Financials,Transaction & Payment Processing Services,"Atlanta, Georgia",view,1974138
NAVI,Navient,Financials,Consumer Finance,"Wilmington, Delaware",view,1593538
NBHC,National Bank Holdings Corporation,Financials,Regional Banks,"Greenwood Village, Colorado",view,1475841
NBR,"Nabors Industries, Ltd.",Energy,Oil & Gas Drilling,"Houston, Texas",view,1163739
NBTB,"NBT Bancorp, Inc.",Financials,Regional Banks,"Norwich, New York",view,790359
NEO,"NeoGenomics Laboratories, Inc.",Health Care,Health Care Services,"Fort Myers, Florida",view,1077183
NGVT,"Ingevity, Corp.",Materials,Specialty Chemicals,"North Charleston, South Carolina",view,1653477
NHC,"National Healthcare, Corp.",Health Care,Health Care Facilities,"Murfreesboro, Tennessee",view,1047335
NMIH,"NMI Holdings, Inc.",Financials,Commercial & Residential Mortgage Finance,"Emeryville, California",view,1547903
NOG,"Northern Oil and Gas, Inc.",Energy,Oil & Gas Exploration & Production,"Minnetonka, Minnesota",view,1104485
NPK,"National Presto Industries, Inc.",Industrials,Aerospace & Defense,"Eau Claire, Wisconsin",view,80172
NPO,"EnPro Industries, Inc.",Industrials,Industrial Machinery,"Charlotte, North Carolina",view,1164863
NSIT,"Insight Enterprises, Inc.",Industrials,Technology Distributors,"Tempe, Arizona",view,932696
NTCT,"NETSCOUT Systems, Inc.",Information Technology,Communications Equipment,"Westford, Massachusetts",view,1078075
NVEE,NV5 Global,Industrials,Construction & Engineering,"Hollywood, Florida",view,1532961
NVRI,Enviri Corporation,Industrials,Industrial Machinery,"Philadelphia, Pennsylvania",view,45876
NWBI,"Northwest Bancshares, Inc.",Financials,Regional Banks,"Warren, Pennsylvania",view,1471265
NWL,Newell Brands,Consumer Discretionary,Housewares & Specialties,"Atlanta, Georgia",view,814453
NWN,NW Natural,Utilities,Gas Utilities,"Portland, Oregon",view,1733998
NX,Quanex Building Products Corporation,Industrials,Building Products,"Houston, Texas",view,1423221
NXRT,"NexPoint Residential Trust, Inc.",Real Estate,Multi-Family Residential REITs,"Dallas, Texas",view,1620393
NYMT,"New York Mortgage Trust, Inc.",Real Estate,Mortgage REITs,"New York City, New York",view,1273685
ODP,The ODP Corporation,Consumer Discretionary,Specialty Stores,"Boca Raton, Florida",view,800240
OFG,OFG Bancorp,Financials,Regional Banks,"San Juan, Puerto Rico",view,1030469
OGN,Organon & Co.,Health Care,Pharmaceuticals,"Jersey City, New Jersey",view,1821825
OI,"O-I Glass, Inc.",Materials,Metal & Glass Containers,"Perrysburg, Ohio",view,812074
OII,"Oceaneering International, Inc.",Energy,Oil & Gas Equipment & Services,"Houston, Texas",view,73756
OMCL,Omnicell,Health Care,Health Care Technology,"Fort Worth, Texas",view,926326
OMI,"Owens & Minor, Inc.",Health Care,Health Care Distributors,"Mechanicsville, Virginia",view,75252
OSIS,"OSI Systems, Inc.",Information Technology,Electronic Equipment & Instruments,"Hawthorne, California",view,1039065
OTTR,Otter Tail Corporation,Utilities,Electric Utilities,"Fergus Falls, Minnesota",view,1466593
OUT,Outfront Media,Real Estate,Other Specialized REITs,"New York City, New York",view,1579877
OXM,"Oxford Industries, Inc.",Consumer Discretionary,"Apparel, Accessories & Luxury Goods","Atlanta, Georgia",view,75288
PAHC,Phibro Animal Health,Health Care,Pharmaceuticals,"Teaneck, New Jersey",view,1069899
PARR,"Par Pacific Holdings, Inc.",Energy,Oil & Gas Refining & Marketing,"Houston, Texas",view,821483
PAYO,Payoneer Global Inc.,Financials,Transaction & Payment Processing Services,"New York City, New York",view,1845815
PATK,"Patrick Industries, Inc.",Consumer Discretionary,Auto Parts & Equipment,"Elkhart, Indiana",view,76605
PBH,Prestige Consumer Healthcare,Health Care,Pharmaceuticals,"Tarrytown, New York",view,1295947
PBI,"Pitney Bowes, Inc.",Industrials,Office Services & Supplies,"Stamford, Connecticut",view,78814
PCRX,"Pacira BioSciences, Inc.",Health Care,Pharmaceuticals,"Tampa, Florida",view,1396814
PDCO,Patterson Companies,Health Care,Health Care Distributors,"Saint Paul, Minnesota",view,891024
PDFS,"PDF Solutions, Inc.",Information Technology,Semiconductor Equipment,"Santa Clara, California",view,1120914
PEB,Pebblebrook Hotel Trust,Real Estate,Hotel & Resort REITs,"Bethesda, Maryland",view,1474098
PECO,Phillips Edison & Company,Real Estate,Retail REITs,"Cincinnati, Ohio",view,1476204
PENN,Penn Entertainment,Consumer Discretionary,Casinos & Gaming,"Wyomissing, Pennsylvania",view,921738
PFBC,Preferred Bank,Financials,Regional Banks,"Los Angeles, California",view,1492165
PFS,"Provident Financial Services, Inc.",Financials,Regional Banks,"Jersey City, New Jersey",view,1178970
PGNY,Progyny,Health Care,Health Care Services,"New York City, New York",view,1551306
PHIN,"PHINIA, Inc.",Consumer Discretionary,Automotive Retail,"Auburn Hills, Michigan",view,1968915
PI,"Impinj, Inc.",Information Technology,Electronic Equipment & Instruments,"Seattle, Washington",view,1114995
PINC,"Premier, Inc.",Health Care,Health Care Services,"Charlotte, North Carolina",view,1577916
PIPR,Piper Sandler Companies,Financials,Investment Banking & Brokerage,"Minneapolis, Minnesota",view,1230245
PJT,"PJT Partners, Inc.",Financials,Investment Banking & Brokerage,"New York City, New York",view,1626115
PLAB,"Photronics, Inc.",Information Technology,Semiconductor Equipment,"Brookfield, Connecticut",view,810136
PLAY,"Dave & Buster's Entertainment, Inc.",Consumer Discretionary,Restaurants,"Dallas, Texas",view,1525769
PLMR,"Palomar Holdings, Inc.",Financials,Property & Casualty Insurance,"La Jolla, California",view,1761312
PLUS,"ePlus, Inc.",Information Technology,Technology Distributors,"Herndon, Virginia",view,1022408
PLXS,Plexus Corp.,Information Technology,Electronic Manufacturing Services,"Neenah, Wisconsin",view,785786
PMT,PennyMac Mortgage Investment Trust,Real Estate,Mortgage REITs,"Westlake Village, California",view,1464423
POWL,"Powell Industries, Inc.",Industrials,Electrical Components & Equipment,"Houston, Texas",view,80420
PPBI,"Pacific Premier Bancorp, Inc.",Financials,Regional Banks,"Irvine, California",view,1028918
PRA,ProAssurance Corporation,Financials,Property & Casualty Insurance,"Birmingham, Alabama",view,1127703
PRAA,"PRA Group, Inc.",Financials,Consumer Finance,"Norfolk, Virginia",view,1185348
PRDO,Perdoceo Education Corp.,Consumer Discretionary,Education Services,"Schaumburg, Illinois",view,1046568
PRG,"PROG Holdings, Inc.",Financials,Consumer Finance,"Draper, Utah",view,1808834
PRGS,Progress Software Corporation,Information Technology,Systems Software,"Burlington, Massachusetts",view,876167
PRK,Park National Corp.,Financials,Regional Banks,"Newark, Ohio",view,805676
PRLB,Protolabs,Industrials,Industrial Machinery,"Maple Plain, Minnesota",view,1443669
PRVA,"Privia Health Group, Inc.",Health Care,Health Care Services,"Arlington County, Virginia",view,1759655
PSMT,PriceSmart,Consumer Staples,Hypermarkets & Super Centers,"San Diego, California",view,1041803
PTEN,"Patterson-UTI Energy, Inc.",Energy,Oil & Gas Drilling,"Houston, Texas",view,889900
PTGX,"Protagonist Therapeutics, Inc.",Health Care,Biotechnology,"Newark, California",view,1377121
PUMP,ProPetro Holding Corp.,Energy,Oil & Gas Equipment & Services,"Midland, Texas",view,1680247
PZZA,Papa John's Pizza,Consumer Discretionary,Restaurants,"Jeffersontown, Kentucky",view,901491
QDEL,QuidelOrtho,Health Care,Health Care Supplies,"San Diego, California",view,1906324
QNST,"QuinStreet, Inc.",Communication Services,Interactive Media & Services,"Foster City, California",view,1117297
QRVO,Qorvo,Information Technology,Semiconductors,"Greensboro, North Carolina",view,1604778
RAMP,"LiveRamp Holdings, Inc.",Information Technology,Application Software,"San Francisco, California",view,733269
RC,Ready Capital Corp,Financials,Mortgage REITs,"New York City, New York",view,1527590
RCUS,"Arcus Biosciences, Inc.",Health Care,Biotechnology,"Hayward, California",view,1724521
RDN,"Radian Group, Inc.",Financials,Property & Casualty Insurance,"Philadelphia, Pennsylvania",view,890926
RDNT,"RadNet, Inc.",Health Care,Health Care Services,"Los Angeles, California",view,790526
RES,"RPC, Inc.",Energy,Oil & Gas Equipment & Services,"Atlanta, Georgia",view,742278
REX,REX American Resources Corporation,Energy,Oil & Gas Refining & Marketing,"Dayton, Ohio",view,744187
REZI,"Resideo Technologies, Inc.",Industrials,Trading Companies & Distributors,"Scottsdale, Arizona",view,1740332
RGR,"Sturm, Ruger & Company, Inc.",Consumer Discretionary,Leisure Products,"Southport, Connecticut",view,95029
RHI,Robert Half,Industrials,Human Resource & Employment Services,"Menlo Park, California",view,315213
RNST,Renasant Corp.,Financials,Regional Banks,"Tupelo, Mississippi",view,715072
ROCK,"Gibraltar Industries, Inc.",Industrials,Building Products,"Buffalo, New York",view,912562
ROG,Rogers Corporation,Information Technology,Electronic Components,"Chandler, Arizona",view,84748
ROIC,Retail Opportunity Investments Corp.,Real Estate,Retail REITs,"San Diego, California",view,1407623
RUN,Sunrun,Industrials,Building Products,"San Francisco, California",view,1469367
RUSHA,Rush Enterprises,Industrials,Construction Machinery & Heavy Transportation Equipment,"New Braunfels, Texas",view,1012019
RWT,"Redwood Trust, Inc.",Real Estate,Mortgage REITs,"Mill Valley, California",view,930236
RXO,"RXO, Inc.",Industrials,Cargo Ground Transportation,"Charlotte, North Carolina",view,1929561
SAFE,"Safehold, Inc.",Real Estate,Other Specialized REITs,"New York City, New York",view,1095651
SABR,Sabre,Consumer Discretionary,"Hotels, Resorts & Cruise Lines","Southlake, Texas",view,1597033
SAFT,"Safety Insurance Group, Inc.",Financials,Property & Casualty Insurance,"Boston, Massachusetts",view,1172052
SAH,"Sonic Automotive, Inc.",Consumer Discretionary,Automotive Retail,"Charlotte, North Carolina",view,1043509
SANM,Sanmina Corporation,Information Technology,Electronic Manufacturing Services,"San Jose, California",view,897723
SATS,EchoStar Corporation,Communication Services,Wireless Telecommunication Services,"Englewood, Colorado",view,1415404
SBCF,Seacoast Banking Corporation of Florida,Financials,Regional Banks,"Stuart, Florida",view,730708
SBH,"Sally Beauty Holdings, Inc.",Consumer Discretionary,Specialty Stores,"Denton, Texas",view,1368458
SBSI,"Southside Bancshares, Inc.",Financials,Regional Banks,"Tyler, Texas",view,705432
SCHL,Scholastic Corporation,Consumer Discretionary,Publishing,"New York City, New York",view,866729
SCL,Stepan Company,Materials,Specialty Chemicals,"Northfield, Illinois",view,94049
SCSC,"ScanSource, Inc.",Information Technology,Technology Distributors,"Greenville, South Carolina",view,918965
SCVL,"Shoe Carnival, Inc.",Consumer Discretionary,Apparel Retail,"Evansville, Indiana",view,895447
SDGR,"Schrödinger, Inc.",Health Care,Health Care Services,"New York City, New York",view,1490978
SEDG,SolarEdge,Information Technology,Semiconductor Materials & Equipment,"Herzliya, Israel",view,1419612
SEE,Sealed Air,Materials,Paper & Plastic Packaging Products & Materials,"Charlotte, North Carolina",view,1012100
SEM,"Select Medical Holdings, Corp.",Health Care,Health Care Facilities,"Mechanicsburg, Pennsylvania",view,1320414
SFBS,"ServisFirst Bancshares, Inc.",Financials,Regional Banks,"Birmingham, Alabama",view,1430723
SFNC,Simmons First National Corporation,Financials,Regional Banks,"Little Rock, Arkansas",view,90498
SGH,"SMART Global Holdings, Inc.",Information Technology,Semiconductors,"Newark, California",view,1616533
SHAK,"Shake Shack, Inc.",Consumer Discretionary,Restaurants,"New York City, New York",view,1620533
SHEN,Shenandoah Telecommunications Co,Communication Services,Wireless Telecommunication Services,"Edinburg, Virginia",view,354963
SHO,"Sunstone Hotel Investors, Inc.",Real Estate,Hotel & Resort REITs,"Aliso Viejo, California",view,1295810
SHOO,"Steven Madden, Ltd.",Consumer Discretionary,Footwear,"Long Island City, New York",view,913241
SIG,Signet Jewelers,Consumer Discretionary,Specialty Stores,"Akron, Ohio",view,832988
SITC,SITE Centers Corp.,Real Estate,Retail REITs,"Beachwood, Ohio",view,894315
SITM,SiTime,Information Technology,Semiconductors,"Santa Clara, California",view,1451809
SJW,SJW Group,Utilities,Water Utilities,"San Jose, California",view,766829
SKT,"Tanger Factory Outlet Centers, Inc.",Real Estate,Retail REITs,"Greensboro, North Carolina",view,899715
SKY,"Champion Homes, Inc.",Consumer Discretionary,Homebuilding,"Troy, Michigan",view,90896
SKYW,"SkyWest, Inc.",Industrials,Airlines,"St. George, Utah",view,793733
SLG,SL Green Realty,Real Estate,Office REITs,"New York City, New York",view,1040971
SLP,"Simulations Plus, Inc.",Health Care,Health Care Technology,"Lancaster, California",view,1023459
SLVM,Sylvamo Corp.,Materials,Paper Products,"Memphis, Tennessee",view,1856485
SM,SM Energy Company,Energy,Oil & Gas Exploration & Production,"Denver, Colorado",view,893538
SMP,"Standard Motor Products, Inc.",Consumer Discretionary,Auto Parts & Equipment,"Long Island City, New York",view,93389
SMPL,Simply Good Foods Company,Consumer Staples,Packaged Foods & Meats,"Denver, Colorado",view,1702744
SMTC,Semtech Corporation,Information Technology,Semiconductors,"Camarillo, California",view,88941
SNCY,Sun Country Airlines,Industrials,Airlines,"Minneapolis, Minnesota",view,1743907
SNDR,Schneider National,Industrials,Cargo Ground Transportation,"Green Bay, Wisconsin",view,1692063
SNEX,StoneX Group Inc.,Financials,Investment Banking & Brokerage,"New York City, New York",view,913760
SONO,"Sonos, Inc.",Consumer Discretionary,Consumer Electronics,"Santa Barbara, California",view,1314727
SPNT,SiriusPoint Ltd.,Financials,Reinsurance,"New York City, New York",view,1576018
SPSC,"SPS Commerce, Inc.",Information Technology,Application Software,"Minneapolis, Minnesota",view,1092699
SPTN,SpartanNash Company,Consumer Staples,Food Distributors,"Byron Center, Michigan",view,877422
SPXC,SPX Corporation,Industrials,Industrial Machinery,"Charlotte, North Carolina",view,88205
SSTK,"Shutterstock, Inc.",Communication Services,Interactive Media & Services,"New York City, New York",view,1549346
STAA,STAAR Surgical Company,Health Care,Health Care Equipment,"Monrovia, California",view,718937
STBA,"S&T Bancorp, Inc.",Financials,Regional Banks,"Indiana, Pennsylvania",view,719220
STC,Stewart Information Services Corporation,Financials,Property & Casualty Insurance,"Houston, Texas",view,94344
STEL,"Stellar Bancorp, Inc.",Financials,Regional Banks,"Houston, Texas",view,1473844
STEP,StepStone Group,Financials,Asset Management & Custody Banks,"New York City, New York",view,1796022
STRA,"Strategic Education, Inc.",Consumer Discretionary,Education Services,"Herndon, Virginia",view,1013934
SUPN,"Supernus Pharmaceuticals, Inc.",Health Care,Pharmaceuticals,"Rockville, Maryland",view,1356576
SXC,"SunCoke Energy, Inc.",Materials,Steel,"Lisle, Illinois",view,1514705
SXI,Standex International Corporation,Industrials,Industrial Machinery,"Salem, New Hampshire",view,310354
SXT,Sensient Technologies,Materials,Specialty Chemicals,"Milwaukee, Wisconsin",view,310142
SWI,SolarWinds Corporation,Information Technology,Systems Software,"Austin, Texas",view,1739942
TALO,"Talos Energy, Inc.",Energy,Oil & Gas Exploration & Production,"Houston, Texas",view,1724965
TBBK,"The Bancorp, Inc.",Financials,Regional Banks,"Wilmington, Delaware",view,1295401
TDS,"Telephone and Data Systems, Inc.",Communication Services,Integrated Telecommunication Services,"Chicago, Illinois",view,1051512
TDW,"Tidewater, Inc.",Energy,Oil & Gas Equipment & Services,"Houston, Texas",view,98222
TFIN,"Triumph Bancorp, Inc.",Financials,Regional Banks,"Dallas, Texas",view,1539638
TGI,"Triumph Group, Inc.",Industrials,Aerospace & Defense,"Berwyn, Pennsylvania",view,1021162
TGNA,Tegna,Communication Services,Broadcasting,"Tysons, Virginia",view,39899
TGTX,"TG Therapeutics, Inc.",Health Care,Biotechnology,"Morrisville, North Carolina",view,1001316
THRM,Gentherm Incorporated,Consumer Discretionary,Auto Parts & Equipment,"Farmington Hills, MI",view,903129
THRY,"Thryv Holdings, Inc.",Communication Services,Interactive Media & Services,"Dallas, Texas",view,1556739
THS,"TreeHouse Foods, Inc.",Consumer Staples,Packaged Foods & Meats,"Oak Brook, Illinois",view,1320695
TILE,"Interface, Inc.",Industrials,Office Services & Supplies,"Atlanta, Georgia",view,715787
TMDX,"TransMedics Group, Inc.",Health Care,Health Care Equipment,"Andover, Massachusetts",view,1756262
TMP,Tompkins Financial Corporation,Financials,Regional Banks,"Ithaca, New York",view,1005817
TNC,Tennant Company,Industrials,Industrial Machinery,"Eden Prairie, Minnesota",view,97134
TNDM,Tandem Diabetes Care,Health Care,Health Care Equipment,"San Diego, California",view,1438133
TPH,"Tri Pointe Homes, Inc.",Consumer Discretionary,Homebuilding,"Incline Village, Nevada",view,1561680
TR,"Tootsie Roll Industries, Inc.",Consumer Staples,Packaged Foods & Meats,"Chicago, Illinois",view,98677
TRIP,TripAdvisor,Communication Services,Interactive Media & Services,"Needham, Massachusetts",view,1526520
TRMK,Trustmark Corp.,Financials,Regional Banks,"Jackson, Mississippi",view,36146
TRN,"Trinity Industries, Inc.",Industrials,Construction Machinery & Heavy Trucks,"Dallas, Texas",view,99780
TRNO,Terreno Realty Corporation,Real Estate,Industrial REITs,"San Francisco, California",view,1476150
TRST,TrustCo Bank Corp NY,Financials,Regional Banks,"Glenville, New York",view,357301
TRUP,Trupanion,Financials,Life & Health Insurance,"Seattle, Washington",view,1371285
TTGT,TechTarget,Communication Services,Interactive Media & Services,"Newton, Massachusetts",view,1293282
TTMI,"TTM Technologies, Inc.",Information Technology,Electronic Manufacturing Services,"Santa Ana, California",view,1116942
TWI,"Titan International, Inc.",Materials,Agricultural & Farm Machinery,"Quincy, Illinois",view,899751
TWO,Two Harbors Investment Corp.,Financials,Mortgage REITs,"St. Louis Park, Minnesota",view,1465740
UCBI,"United Community Banks, Inc.",Financials,Regional Banks,"Greenville, South Carolina",view,857855
UCTT,"Ultra Clean Holdings, Inc.",Information Technology,Semiconductor Equipment,"Hayward, California",view,1275014
UE,Urban Edge Properties,Real Estate,Retail REITs,"Paramus, New Jersey",view,1611547
UFCS,"United Fire Group, Inc.",Financials,Property & Casualty Insurance,"Cedar Rapids, Iowa",view,101199
UFPT,"UFP Technologies, Inc.",Health Care,Health Care Equipment,"Newburyport, Massachusetts",view,914156
UHT,Universal Health Realty Income Trust,Real Estate,Health Care REITs,"King of Prussia, Pennsylvania",view,798783
UNF,UniFirst Corporation,Industrials,Diversified Support Services,"Wilmington, Massachusetts",view,717954
UNFI,United Natural Foods Inc,Consumer Staples,Food Retail,"Providence, Rhode Island",view,1020859
UNIT,Uniti Group,Real Estate,Specialized REITs,"Little Rock, Arkansas",view,1620280
UPBD,"Upbound Group, Inc.",Consumer Discretionary,Computer & Electronics Retail,"Plano, Texas",view,933036
URBN,"Urban Outfitters, Inc.",Consumer Discretionary,Apparel Retail,"Philadelphia, Pennsylvania",view,912615
USNA,"Usana Health Sciences, Inc.",Consumer Staples,Packaged Foods & Meats,"West Valley City, Utah",view,896264
USPH,"U.S. Physical Therapy, Inc.",Health Care,Health Care Facilities,"Houston, Texas",view,885978
UTL,Unitil Corporation,Utilities,Electric Utilities,"Hampton, New Hampshire",view,755001
UVV,Universal Corporation,Consumer Staples,Tobacco,"Richmond, Virginia",view,102037
VBTX,"Veritex Holdings, Inc.",Financials,Regional Banks,"Dallas, Texas",view,1501570
VCEL,Vericel,Health Care,Biotechnology,"Cambridge, Massachusetts",view,887359
VECO,Veeco Instruments Inc.,Information Technology,Semiconductor Equipment,"Plainview, New York",view,103145
VFC,VF Corporation,Consumer Discretionary,"Apparel, Accessories & Luxury Goods","Denver, Colorado",view,103379
VIAV,VIAVI Solutions,Information Technology,Communications Equipment,"Chandler, Arizona",view,912093
VICR,Vicor Corporation,Industrials,Electrical Components & Equipment,"Andover, Massachusetts",view,751978
VIR,"Vir Biotechnology, Inc.",Health Care,Biotechnology,"San Francisco, California",view,1706431
VIRT,"Virtu Financial, Inc.",Financials,Financial Exchanges & Data,"New York City, New York",view,1592386
VRE,"Veris Residential, Inc.",Real Estate,Office REITs,"Jersey City, New Jersey",view,924901
VRRM,Verra Mobility Corporation,Industrials,Data Processing & Outsourced Services,"Mesa, Arizona",view,1682745
VRTS,"Virtus Investment Partners, Inc.",Financials,Asset Management & Custody Banks,"Hartford, Connecticut",view,883237
VSAT,"Viasat, Inc.",Information Technology,Communications Equipment,"Carlsbad, California",view,797721
VSCO,Victoria's Secret,Consumer Discretionary,Apparel Retail,"Reynoldsburg, Ohio",view,1856437
VSH,Vishay Intertechnology,Information Technology,Electronic Components,"Malvern, Pennsylvania",view,103730
VSTS,Vestis,Industrials,Diversified Support Services,"Roswell, Georgia",view,1967649
VTOL,Bristow Group Inc.,Energy,Oil & Gas Equipment & Services,"Houston, Texas",view,1525221
VTLE,"Vital Energy, Inc.",Energy,Oil & Gas Exploration & Production,"Tulsa, Oklahoma",view,1528129
VVI,Viad Corp,Industrials,Diversified Support Services,"Scottsdale, Arizona",view,884219
VYX,NCR Voyix,Information Technology,IT Consulting & Other Services,"Atlanta, Georgia",view,70866
WABC,Westamerica Bank,Financials,Regional Banks,"San Rafael, California",view,311094
WAFD,"WaFd, Inc.",Financials,Regional Banks,"Seattle, Washington",view,936528
WD,"Walker & Dunlop, Inc.",Financials,Commercial & Residential Mortgage Finance,"Bethesda, Maryland",view,1497770
WDFC,WD-40 Company,Consumer Staples,Household Products,"San Diego, California",view,105132
WERN,Werner Enterprises,Industrials,Cargo Ground Transportation,"Omaha, Nebraska",view,793074
WGO,"Winnebago Industries, Inc.",Consumer Discretionary,Automobile Manufacturers,"Eden Prairie, Minnesota",view,107687
WHD,"Cactus, Inc.",Energy,Oil & Gas Equipment & Services,"Houston, Texas",view,1699136
WKC,World Kinect Corporation,Energy,Oil & Gas Refining & Marketing,"Doral, Florida",view,789460
WLY,John Wiley & Sons,Communication Services,Publishing,"Hoboken, New Jersey",view,107140
WNC,Wabash National,Industrials,Construction Machinery & Heavy Trucks,"Lafayette, Indiana",view,879526
WOLF,Wolfspeed,Information Technology,Semiconductors,"Research Triangle Park, North Carolina",view,895419
WOR,Worthington Enterprises,Consumer Discretionary,Other Specialty Retail,"Columbus, Ohio",view,108516
WRLD,World Acceptance Corporation,Financials,Consumer Finance,"Greenville, South Carolina",view,108385
WS,Worthington Steel,Materials,Steel,"Columbus, Ohio",view,1968487
WSFS,WSFS Financial Corporation,Financials,Regional Banks,"Wilmington, Delaware",view,828944
WSR,Whitestone REIT,Real Estate,Retail REITs,"Houston, Texas",view,1175535
WT,"WisdomTree Investments, Inc.",Financials,Asset Management & Custody Banks,"New York City, New York",view,880631
WWW,"Wolverine World Wide, Inc.",Consumer Discretionary,Footwear,"Rockford, Michigan",view,110471
XHR,"Xenia Hotels & Resorts, Inc.",Real Estate,Hotel & Resort REITs,"Orlando, Florida",view,1616000
XNCR,Xencor Inc,Health Care,Biotechnology,"Pasadena, California",view,1326732
XPEL,"XPEL, Inc.",Consumer Discretionary,Auto Parts & Equipment,"San Antonio, Texas",view,1767258
XRX,Xerox,Information Technology,"Technology Hardware, Storage & Peripherals","Norwalk, Connecticut",view,1770450
YELP,"Yelp, Inc.",Communication Services,Interactive Media & Services,"San Francisco, California",view,1345016
YOU,"Clear Secure, Inc.",Information Technology,Application Software,"New York City, New York",view,1856314
ZD,Ziff Davis,Communication Services,Advertising,"New York City, New York",view,1084048
ZWS,Zurn Elkay Water Solutions Corp.,Industrials,Industrial Machinery & Supplies & Components,"Milwaukee, Wisconsin",view,1439288
